Campaign,Email bounce rate,Email bounces,Email abuse report rate,Email abuse reports,Email clicked,Email click rate,Email total clicks,Email clicks per unique opens (MPP excluded),Email deliveries,Email delivery rate,Email opened (MPP excluded),Email open rate (MPP excluded),Email total opens (MPP excluded),Emails sent,Email unsubscribe rate,Email unsubscribes
"01-04-24 News","0.11%","8","0.00%","0","489","7.0%","1,212","12%","7,022","100%","3,923","56%","7,291","7,030","0.13%","9"
"01-11-24 News","0.94%","66","0.01%","1","282","4.1%","727","7.4%","6,961","99%","3,826","55%","6,793","7,027","0.13%","9"
"01-18-24 News","0.07%","5","0.00%","0","370","5.3%","988","9.8%","7,023","100%","3,769","54%","6,409","7,028","0.07%","5"
"01-25-24 News","0.09%","6","0.01%","1","343","4.9%","805","9.2%","7,035","100%","3,710","53%","6,336","7,041","0.16%","11"
"02-01-24 News","0.14%","10","0.00%","0","327","4.7%","1,029","8.9%","7,031","100%","3,670","52%","6,457","7,041","0.17%","12"
"02-08-24 News","0.20%","14","0.00%","0","286","4.1%","666","8.0%","7,039","100%","3,593","51%","6,053","7,053","0.11%","8"
"02-15-24 News","0.45%","32","0.00%","0","232","3.3%","593","6.3%","7,061","100%","3,669","52%","6,082","7,093","0.10%","7"
"02-22-24 News","0.32%","23","0.00%","0","314","4.4%","749","8.4%","7,074","100%","3,729","53%","6,026","7,097","0.25%","18"
"03-07-24 News","0.37%","26","0.03%","2","485","6.8%","1,002","12%","7,081","100%","3,911","55%","6,816","7,107","0.13%","9"
"03-14-24 News","0.32%","23","0.00%","0","208","2.9%","404","6.0%","7,076","100%","3,445","49%","5,795","7,099","0.14%","10"
"03-21-24 News","0.35%","25","0.00%","0","409","5.8%","829","11%","7,074","100%","3,736","53%","6,635","7,099","0.04%","3"
"03-28-24 News","0.32%","23","0.00%","0","228","3.2%","471","6.1%","7,088","100%","3,746","53%","6,490","7,111","0.11%","8"
"04-04-24 News NOT SCHOLARS","0.24%","17","0.01%","1","217","3.1%","463","6.1%","7,035","100%","3,575","51%","5,970","7,052","0.16%","11"
"04-04-24 News SCHOLARS ONLY","0.00%","0","0.00%","0","1","3.1%","1","4.8%","32","100%","21","66%","24","32","0.00%","0"
"04-10-24 News","0.24%","17","0.00%","0","189","2.7%","815","5.3%","7,062","100%","3,591","51%","5,950","7,079","0.07%","5"
"04-18-24 News","0.16%","11","0.00%","0","316","4.5%","666","8.7%","7,067","100%","3,651","52%","6,143","7,078","0.11%","8"
"04-25-24 News","0.07%","5","0.01%","1","258","3.7%","668","7.4%","7,064","100%","3,499","50%","5,521","7,069","0.13%","9"
"04-27-23 News","0.22%","13","0.03%","2","205","3.4%","501","6.3%","5,966","100%","3,229","54%","5,364","5,979","0.22%","13"
"05-02-24 News","0.08%","6","0.00%","0","219","3.1%","490","6.2%","7,069","100%","3,516","50%","5,802","7,075","0.16%","11"
"05-04-23 News","0.22%","13","0.02%","1","208","3.5%","541","6.4%","5,964","100%","3,226","54%","5,588","5,977","0.12%","7"
"05-09-24 News","0.11%","8","0.00%","0","308","4.4%","672","9.1%","7,064","100%","3,402","48%","5,592","7,072","0.06%","4"
"05-10-23 News","0.13%","8","0.00%","0","192","3.2%","603","5.9%","5,968","100%","3,248","54%","5,540","5,976","0.20%","12"
"05-16-24 News","0.16%","11","0.00%","0","207","2.9%","424","6.2%","7,066","100%","3,343","47%","5,367","7,077","0.18%","13"
"05-18-23 News","0.05%","3","0.00%","0","234","3.9%","541","7.5%","5,964","100%","3,139","53%","5,517","5,967","0.03%","2"
"05-23-24 News","0.17%","12","0.00%","0","526","7.4%","1,111","15%","7,062","100%","3,429","49%","5,561","7,074","0.07%","5"
"05-25-23 News","0.13%","8","0.00%","0","310","5.2%","673","10%","5,968","100%","2,991","50%","5,331","5,976","0.17%","10"
"06-01-23 News","0.15%","9","0.00%","0","243","4.1%","551","7.6%","5,967","100%","3,195","54%","5,523","5,976","0.18%","11"
"06-07-23 News","0.08%","5","0.00%","0","275","4.6%","675","8.8%","5,965","100%","3,123","52%","5,377","5,970","0.28%","17"
"06-13-24 News","0.23%","16","0.00%","0","322","4.5%","785","9.1%","7,087","100%","3,548","50%","5,457","7,103","0.16%","11"
"06-15-23 News","0.60%","36","0.00%","0","164","2.8%","366","5.4%","5,920","99%","3,029","51%","5,271","5,956","0.20%","12"
"06-27-24 News","1.4%","101","0.00%","0","208","3.0%","427","11%","6,999","99%","1,894","27%","2,910","7,100","0.16%","11"
"06-29-23 News","0.57%","34","0.02%","1","250","4.2%","579","8.0%","5,918","99%","3,129","53%","5,361","5,952","0.20%","12"
"07-13-23 News","0.34%","20","0.00%","0","222","3.8%","506","7.1%","5,917","100%","3,148","53%","5,275","5,937","0.10%","6"
"07-18-24 News","0.61%","43","0.00%","0","205","2.9%","391","10%","7,026","99%","1,973","28%","3,028","7,069","0.14%","10"
"08-01-24 News","0.34%","24","0.00%","0","119","1.7%","233","6.2%","7,023","100%","1,912","27%","2,788","7,047","0.11%","8"
"08-03-23 News","0.44%","26","0.00%","0","240","4.0%","572","7.5%","5,934","100%","3,221","54%","5,599","5,960","0.19%","11"
"08-04-23 News","0.32%","19","0.02%","1","168","2.8%","343","5.4%","5,927","100%","3,137","53%","5,022","5,946","0.19%","11"
"08-08-24 News","0.38%","27","0.01%","1","863","12%","1,555","38%","7,009","100%","2,300","33%","4,314","7,036","0.11%","8"
"08-15-24 News","0.35%","25","0.00%","0","217","3.1%","454","11%","7,040","100%","1,963","28%","2,993","7,065","0.17%","12"
"08-17-23 News","0.37%","22","0.02%","1","709","12%","1,564","21%","5,999","100%","3,401","57%","6,719","6,021","0.12%","7"
"08-22-24 News","0.45%","32","0.00%","0","204","2.9%","509","11%","7,047","100%","1,884","27%","2,901","7,079","0.07%","5"
"08-24-23 News","0.31%","19","0.00%","0","153","2.5%","410","4.9%","6,077","100%","3,120","51%","5,081","6,096","0.15%","9"
"08-29-24 News","0.47%","33","0.03%","2","249","3.5%","643","12%","7,063","100%","2,014","29%","2,994","7,096","0.17%","12"
"08-30-23 News","0.29%","18","0.00%","0","271","4.4%","696","8.5%","6,143","100%","3,204","52%","5,481","6,161","0.11%","7"
"09-04-24 News","0.48%","34","0.01%","1","249","3.5%","719","13%","7,062","100%","1,972","28%","3,297","7,096","0.11%","8"
"09-08-23 News","0.24%","15","0.03%","2","288","4.6%","878","8.5%","6,217","100%","3,375","54%","6,408","6,232","0.16%","10"
"09-12-24 News","0.45%","32","0.00%","0","175","2.5%","410","9.1%","7,071","100%","1,913","27%","3,078","7,103","0.10%","7"
"09-14-23 News","0.29%","18","0.02%","1","334","5.4%","1,060","10%","6,231","100%","3,211","52%","5,886","6,249","0.13%","8"
"09-18-24 News","0.39%","28","0.01%","1","222","3.1%","541","11%","7,218","100%","2,016","28%","3,183","7,246","0.08%","6"
"09-21-23 News","0.30%","19","0.00%","0","209","3.3%","571","6.2%","6,303","100%","3,355","53%","5,766","6,322","0.17%","11"
"09-26-24 News","0.40%","29","0.01%","1","205","2.8%","399","10%","7,214","100%","1,969","27%","3,074","7,243","0.10%","7"
"09-28-23 News","0.30%","19","0.00%","0","254","4.0%","586","7.3%","6,309","100%","3,502","56%","6,111","6,328","0.13%","8"
"1-16-25 News","0.29%","23","0.00%","0","232","3.0%","542","11%","7,802","100%","2,155","28%","3,493","7,825","0.14%","11"
"1-2-25 News","0.17%","13","0.00%","0","283","3.6%","638","13%","7,825","100%","2,206","28%","3,543","7,838","0.24%","19"
"1-23-25 News","0.19%","15","0.00%","0","253","3.2%","553","12%","7,890","100%","2,161","27%","3,204","7,905","0.18%","14"
"1-30-25 News","0.16%","13","0.00%","0","240","3.0%","578","12%","7,873","100%","2,009","26%","3,173","7,886","0.13%","10"
"1-9-25 News","0.20%","16","0.01%","1","274","3.5%","675","13%","7,812","100%","2,133","27%","3,388","7,828","0.13%","10"
"10-03-24 News","0.35%","25","0.00%","0","188","2.6%","397","10%","7,211","100%","1,794","25%","2,746","7,236","0.08%","6"
"10-05-23 News","0.45%","31","0.01%","1","322","4.7%","777","8.3%","6,839","100%","3,869","57%","7,520","6,870","0.23%","16"
"10-05-23 News (copy 01)","0.49%","34","0.00%","0","179","2.6%","522","4.7%","6,836","100%","3,826","56%","6,723","6,870","0.13%","9"
"10-10-24 News","0.34%","25","0.00%","0","192","2.7%","420","9.9%","7,238","100%","1,946","27%","3,065","7,263","0.04%","3"
"10-16-24 News","0.29%","21","0.01%","1","261","3.6%","488","13%","7,247","100%","1,947","27%","3,203","7,268","0.07%","5"
"10-19-23 News","0.41%","28","0.01%","1","276","4.0%","704","7.6%","6,833","100%","3,646","53%","6,556","6,861","0.16%","11"
"10-25-24 News","0.18%","13","0.00%","0","408","5.6%","1,013","20%","7,264","100%","2,090","29%","3,673","7,277","0.14%","10"
"10-26-23 News","0.36%","25","0.01%","1","408","6.0%","1,892","11%","6,830","100%","3,863","57%","7,044","6,855","0.13%","9"
"10-31-24 News","0.19%","14","0.01%","1","252","3.5%","811","13%","7,270","100%","1,934","27%","2,939","7,284","0.06%","4"
"11-02-23 News","0.35%","24","0.00%","0","302","4.4%","986","8.1%","6,831","100%","3,724","55%","6,424","6,855","0.23%","16"
"11-07-24 News","0.12%","9","0.00%","0","251","3.4%","661","13%","7,277","100%","1,926","26%","3,220","7,286","0.04%","3"
"11-09-23 News","0.32%","22","0.00%","0","228","3.3%","501","6.4%","6,832","100%","3,573","52%","6,037","6,854","0.10%","7"
"11-14-24 News","0.12%","9","0.00%","0","203","2.8%","456","12%","7,294","100%","1,718","24%","2,664","7,303","0.12%","9"
"11-16-23 News","0.33%","23","0.00%","0","300","4.4%","643","8.1%","6,843","100%","3,694","54%","6,591","6,866","0.09%","6"
"11-21-24 News","0.23%","18","0.01%","1","349","4.5%","684","16%","7,788","100%","2,227","29%","3,401","7,806","0.17%","13"
"11-22-23 News","0.28%","19","0.01%","1","395","5.8%","960","11%","6,858","100%","3,676","54%","6,473","6,877","0.07%","5"
"11-28-24 News","0.15%","12","0.01%","1","382","4.9%","781","19%","7,760","100%","2,046","26%","3,327","7,772","0.17%","13"
"11-30-23 News","0.22%","15","0.01%","1","327","4.8%","693","8.9%","6,879","100%","3,690","54%","6,706","6,894","0.16%","11"
"12-06-24 News","0.19%","15","0.00%","0","439","5.7%","877","18%","7,761","100%","2,424","31%","4,077","7,776","0.09%","7"
"12-07-23 News","0.23%","16","0.00%","0","338","4.9%","752","9.0%","6,901","100%","3,774","55%","6,883","6,917","0.12%","8"
"12-13-24 News","0.30%","23","0.00%","0","297","3.8%","555","13%","7,773","100%","2,318","30%","3,784","7,796","0.09%","7"
"12-14-23 News","0.19%","13","0.00%","0","343","4.9%","652","9.2%","7,001","100%","3,716","53%","6,200","7,014","0.10%","7"
"12-19-24 News","0.23%","18","0.03%","2","470","6.0%","997","22%","7,820","100%","2,156","28%","4,110","7,838","0.12%","9"
"12-21-23 News","0.16%","11","0.00%","0","362","5.2%","701","9.7%","7,013","100%","3,730","53%","6,576","7,024","0.09%","6"
"12-26-24 News","0.18%","14","0.01%","1","315","4.0%","636","15%","7,834","100%","2,051","26%","3,480","7,848","0.17%","13"
"12-28-23 News","0.21%","15","0.01%","1","248","3.5%","486","7.0%","7,023","100%","3,544","50%","5,824","7,038","0.20%","14"
"2-13-25 News","0.39%","31","0.00%","0","213","2.7%","444","11%","7,823","100%","2,021","26%","2,963","7,854","0.08%","6"
"2-20-25 News","0.66%","52","0.00%","0","185","2.4%","446","9.5%","7,776","99%","1,938","25%","2,925","7,828","0.12%","9"
"2-27-25 News","0.15%","12","0.00%","0","212","2.7%","448","10%","7,803","100%","2,092","27%","3,346","7,815","0.04%","3"
"2-6-25 News","0.14%","11","0.00%","0","514","6.5%","1,198","23%","7,862","100%","2,190","28%","3,786","7,873","0.19%","15"
"3-06-25 News","0.32%","25","0.00%","0","311","4.0%","681","13%","7,849","100%","2,366","30%","3,676","7,874","0.11%","9"
"3-13-25 News","0.17%","13","0.00%","0","209","2.7%","437","10%","7,832","100%","2,080","27%","3,020","7,845","0.15%","12"
"3-20-25 News","0.15%","12","0.00%","0","299","3.8%","770","13%","7,819","100%","2,227","28%","3,374","7,831","0.09%","7"
"3-27-25 News","0.22%","17","0.00%","0","237","3.0%","585","13%","7,802","100%","1,886","24%","2,951","7,819","0.26%","20"
"Board Chapel View News_Dec 24","0.00%","0","0.00%","0","6","21%","13","46%","28","100%","13","46%","35","28","0.00%","0"
"Board meeting thank you","0.00%","0","0.00%","0","0","0.00%","0","0.00%","30","100%","14","47%","22","30","0.00%","0"
"Campaign Launch Registration","0.00%","0","0.00%","0","8","29%","29","53%","28","100%","15","54%","32","28","0.00%","0"
"Chapel Advisory Board Newsletter Feb 2024","0.00%","0","0.00%","0","3","10%","15","13%","29","100%","24","83%","55","29","0.00%","0"
"Chapel Advisory Board Newsletter July 2023","0.00%","0","0.00%","0","3","10%","22","12%","29","100%","25","86%","71","29","0.00%","0"
"Chapel Advisory Board Newsletter May 2023","0.00%","0","0.00%","0","6","21%","33","26%","29","100%","23","79%","134","29","0.00%","0"
"Chapel Advisory Board post-meeting","0.00%","0","0.00%","0","4","13%","12","19%","30","100%","21","70%","61","30","0.00%","0"
"Chapel Advisory Board RSVP","0.00%","0","0.00%","0","11","37%","64","37%","30","100%","30","100%","222","30","0.00%","0"
"Chapel Scholar Alum Sp25","0.59%","4","0.00%","0","7","1.0%","8","2.8%","671","99%","247","37%","360","675","0.60%","4"
"Chapel View News_June 24","0.00%","0","0.00%","0","4","14%","10","33%","28","100%","12","43%","21","28","0.00%","0"
"Chapel View News_May 24","0.00%","0","0.00%","0","1","3.2%","4","4.3%","31","100%","23","74%","46","31","0.00%","0"
"Chapel View News_Sep 24","0.00%","0","0.00%","0","2","7.1%","5","20%","28","100%","10","36%","23","28","0.00%","0"
"CS Alum Reunion Invite SP 25","87%","117","0.00%","0","1","5.9%","1","20%","17","13%","5","29%","6","134","0.00%","0"
"DCDevelopment_Chapel Scholar Alums Newsletter_F24","0.87%","6","0.00%","0","7","1.0%","13","2.7%","682","99%","258","38%","365","688","1.3%","9"
"DCDevelopment_Duke Chapel Online_Apr 25","4.3%","326","0.03%","2","137","1.9%","314","9.4%","7,300","96%","1,451","20%","2,375","7,626","0.40%","29"
"DCDevelopment_Duke Chapel Online_Pluralism Invite","0.46%","5","0.00%","0","28","2.6%","41","11%","1,093","100%","257","24%","418","1,098","0.18%","2"
"DCDevelopment_We Believe Follow Up","2.2%","2","0.00%","0","2","2.2%","6","5.1%","90","98%","39","43%","66","92","0.00%","0"
"Duke Chapel Music 03-12-24","0.78%","73","0.03%","3","219","2.4%","452","4.6%","9,246","99%","4,795","52%","8,143","9,319","0.47%","43"
"Duke Chapel Music 03-12-24 INTERNAL","0.00%","0","0.00%","0","1","8.3%","3","9.1%","12","100%","11","92%","19","12","0.00%","0"
"Duke Chapel Music 04-011-24 INTERNAL","0.00%","0","0.00%","0","1","8.3%","3","17%","12","100%","6","50%","13","12","0.00%","0"
"Duke Chapel Music 04-011-24 NOT SCHOLARS","0.40%","36","0.00%","0","198","2.2%","378","4.4%","8,992","100%","4,470","50%","6,991","9,028","0.16%","14"
"Duke Chapel Music 04-011-24 SCHOLARS ONLY","0.00%","0","0.00%","0","0","0.00%","0","0.00%","10","100%","6","60%","10","10","0.00%","0"
"Duke Chapel Music 04-02-24","0.63%","58","0.00%","0","269","2.9%","514","5.5%","9,202","99%","4,900","53%","7,969","9,260","0.21%","19"
"Duke Chapel Music 04-02-24 INTERNAL","0.00%","0","0.00%","0","1","8.3%","3","13%","12","100%","8","67%","20","12","0.00%","0"
"Duke Chapel Music 04-25-24","0.38%","35","0.00%","0","139","1.5%","263","3.2%","9,076","100%","4,310","47%","6,598","9,111","0.19%","17"
"Duke Chapel Music 04-25-24 INTERNAL","8.3%","1","0.00%","0","2","18%","14","29%","11","92%","7","64%","18","12","0.00%","0"
"Duke Chapel Music 05-04-23","0.57%","51","0.02%","2","202","2.3%","411","4.6%","8,877","99%","4,403","50%","7,223","8,928","0.43%","38"
"Duke Chapel Music 05-04-23 INTERNAL","0.00%","0","0.00%","0","0","0.00%","0","0.00%","10","100%","7","70%","14","10","0.00%","0"
"Duke Chapel Music 05-24-24","0.35%","32","0.00%","0","177","2.0%","411","4.3%","9,044","100%","4,131","46%","6,521","9,076","0.22%","20"
"Duke Chapel Music 05-24-24 INTERNAL","0.00%","0","0.00%","0","2","17%","12","20%","12","100%","10","83%","18","12","0.00%","0"
"Duke Chapel Music 06-13-24","0.39%","35","0.00%","0","176","2.0%","396","4.4%","9,012","100%","4,037","45%","5,931","9,047","0.38%","34"
"Duke Chapel Music 06-13-24 INTERNAL","0.00%","0","0.00%","0","1","8.3%","2","17%","12","100%","6","50%","15","12","0.00%","0"
"Duke Chapel Music 06-15-23","1.2%","105","0.00%","0","189","2.2%","399","4.3%","8,775","99%","4,378","50%","7,224","8,880","0.39%","34"
"Duke Chapel Music 06-15-23 INTERNAL","0.00%","0","0.00%","0","1","10%","3","17%","10","100%","6","60%","8","10","0.00%","0"
"Duke Chapel Music 08-17-2023","1.1%","97","0.02%","2","524","6.0%","981","11%","8,727","99%","4,741","54%","9,498","8,824","0.28%","24"
"Duke Chapel Music 08-17-2023 (copy 01)","0.00%","0","0.00%","0","0","0.00%","0","0.00%","10","100%","6","60%","19","10","0.00%","0"
"Duke Chapel Music 1-18-24","0.55%","51","0.00%","0","294","3.2%","865","6.3%","9,189","99%","4,681","51%","8,025","9,240","0.27%","25"
"Duke Chapel Music 1-18-24 INTERNAL","0.00%","0","0.00%","0","0","0.00%","0","0.00%","12","100%","9","75%","17","12","0.00%","0"
"Duke Chapel Music 1-30-25","0.48%","44","0.02%","2","146","1.6%","292","7.4%","9,102","100%","1,984","22%","2,967","9,146","0.26%","24"
"Duke Chapel Music 1-30-25 INTERNAL","0.00%","0","0.00%","0","0","0.00%","0","0.00%","12","100%","5","42%","8","12","0.00%","0"
"Duke Chapel Music 10-17-24","0.73%","68","0.00%","0","198","2.1%","345","11%","9,266","99%","1,735","19%","2,758","9,334","0.13%","12"
"Duke Chapel Music 10-17-24 INTERNAL","0.00%","0","0.00%","0","1","8.3%","3","33%","12","100%","3","25%","7","12","0.00%","0"
"Duke Chapel Music 10-19-23","0.83%","73","0.02%","2","624","7.2%","1,459","13%","8,700","99%","4,948","57%","9,950","8,773","0.17%","15"
"Duke Chapel Music 10-19-23 INTERNAL","0.00%","0","0.00%","0","0","0.00%","0","0.00%","11","100%","8","73%","13","11","0.00%","0"
"Duke Chapel Music 10-24-24","0.69%","64","0.00%","0","562","6.1%","1,165","28%","9,245","99%","2,017","22%","3,969","9,309","0.13%","12"
"Duke Chapel Music 10-24-24 INTERNAL","0.00%","0","0.00%","0","0","0.00%","0","0.00%","12","100%","4","33%","11","12","0.00%","0"
"Duke Chapel Music 10-26-23","0.69%","60","0.00%","0","280","3.2%","543","5.8%","8,685","99%","4,863","56%","8,328","8,745","0.14%","12"
"Duke Chapel Music 10-26-23 INTERNAL","0.00%","0","0.00%","0","0","0.00%","0","0.00%","11","100%","9","82%","22","11","0.00%","0"
"Duke Chapel Music 10-3-24","0.88%","82","0.01%","1","144","1.6%","256","7.0%","9,278","99%","2,043","22%","3,088","9,360","0.22%","20"
"Duke Chapel Music 10-3-24 INTERNAL","0.00%","0","0.00%","0","1","8.3%","2","25%","12","100%","4","33%","7","12","0.00%","0"
"Duke Chapel Music 11-16-23","0.76%","66","0.00%","0","245","2.8%","475","5.3%","8,664","99%","4,650","54%","7,937","8,730","0.22%","19"
"Duke Chapel Music 11-16-23 INTERNAL","0.00%","0","0.00%","0","0","0.00%","0","0.00%","11","100%","9","82%","21","11","0.00%","0"
"Duke Chapel Music 11-27-24","0.46%","42","0.00%","0","190","2.1%","303","9.6%","9,173","100%","1,982","22%","3,098","9,215","0.14%","13"
"Duke Chapel Music 11-28-24 INTERNAL","0.00%","0","0.00%","0","0","0.00%","0","0.00%","12","100%","3","25%","10","12","0.00%","0"
"Duke Chapel Music 11-8-24","0.57%","53","0.00%","0","223","2.4%","495","12%","9,233","99%","1,842","20%","2,824","9,286","0.21%","19"
"Duke Chapel Music 11-8-24 INTERNAL","0.00%","0","0.00%","0","0","0.00%","0","0.00%","12","100%","5","42%","9","12","0.00%","0"
"Duke Chapel Music 12-19-23","0.45%","73","0.00%","0","1,405","8.7%","3,125","16%","16,214","100%","9,019","56%","19,279","16,287","0.14%","22"
"Duke Chapel Music 12-19-24","0.41%","38","0.01%","1","659","7.2%","1,305","27%","9,150","100%","2,439","27%","5,462","9,188","0.15%","14"
"Duke Chapel Music 12-19-24 INTERNAL","0.00%","0","0.00%","0","3","25%","10","43%","12","100%","7","58%","14","12","0.00%","0"
"Duke Chapel Music 12-26-24","0.34%","31","0.01%","1","360","3.9%","647","24%","9,143","100%","1,530","17%","3,074","9,174","0.22%","20"
"Duke Chapel Music 2-27-25","0.48%","46","0.02%","2","412","4.3%","848","17%","9,491","100%","2,426","26%","3,775","9,537","0.21%","20"
"Duke Chapel Music 2-6-25","0.35%","32","0.01%","1","412","4.5%","836","20%","9,078","100%","2,076","23%","3,211","9,110","0.20%","18"
"Duke Chapel Music 2-6-25 INTERNAL","0.00%","0","0.00%","0","0","0.00%","0","0.00%","12","100%","5","42%","17","12","0.00%","0"
"Duke Chapel Music 3-13-25","0.37%","36","0.01%","1","222","2.3%","449","9.6%","9,747","100%","2,306","24%","3,334","9,783","0.26%","25"
"Duke Chapel Music 3-13-25 INTERNAL","0.00%","0","0.00%","0","1","9.1%","3","25%","11","100%","4","36%","10","11","0.00%","0"
"Duke Chapel Music 3-27-25","0.48%","47","0.03%","3","181","1.9%","354","8.5%","9,699","100%","2,125","22%","3,096","9,746","0.19%","18"
"Duke Chapel Music 3-27-25 INTERNAL","0.00%","0","0.00%","0","0","0.00%","0","0.00%","11","100%","7","64%","13","11","0.00%","0"
"Duke Chapel Music 4-3-25","0.43%","42","0.00%","0","217","2.2%","429","9.7%","9,800","100%","2,234","23%","3,234","9,842","0.26%","25"
"Duke Chapel Music 4-3-25 INTERNAL","0.00%","0","0.00%","0","0","0.00%","0","0.00%","11","100%","3","27%","12","11","0.00%","0"
"Duke Chapel Music 8-6-24","1.2%","112","0.02%","2","1,051","11%","1,808","38%","9,381","99%","2,762","29%","5,610","9,493","0.20%","19"
"Duke Chapel Music 8-6-24 INTERNAL","0.00%","0","0.00%","0","5","42%","26","83%","12","100%","6","50%","17","12","0.00%","0"
"Duke Chapel Music 9-20-24","0.75%","70","0.01%","1","154","1.7%","276","7.1%","9,317","99%","2,171","23%","3,447","9,387","0.18%","17"
"Duke Chapel Music 9-20-24 INTERNAL","0.00%","0","0.00%","0","1","8.3%","3","50%","12","100%","2","17%","8","12","0.00%","0"
"Duke Chapel Music 9-21-23","0.75%","66","0.01%","1","196","2.2%","411","4.6%","8,726","99%","4,295","49%","7,210","8,792","0.21%","18"
"Duke Chapel Music 9-21-23 INTERNAL","0.00%","0","0.00%","0","1","9.1%","10","14%","11","100%","7","64%","23","11","0.00%","0"
"Duke Chapel Music 9-6-24","1.2%","111","0.01%","1","170","1.8%","353","7.1%","9,344","99%","2,391","26%","4,059","9,455","0.32%","30"
"Duke Chapel Music 9-6-24 INTERNAL","0.00%","0","0.00%","0","0","0.00%","0","0.00%","12","100%","4","33%","14","12","0.00%","0"
"Duke Chapel Music 9-8-23","0.79%","70","0.03%","3","206","2.4%","500","4.7%","8,738","99%","4,340","50%","7,506","8,808","0.21%","18"
"Duke Chapel Music 9-8-23 INTERNAL","0.00%","0","0.00%","0","2","18%","11","29%","11","100%","7","64%","12","11","0.00%","0"
"Duke Chapel Scholars Newsletter A_Sp24","4.0%","932","0.08%","18","192","0.85%","478","1.7%","22,547","96%","11,475","51%","17,796","23,479","1.0%","231"
"Duke Chapel Scholars Newsletter A_Sp24 (copy 01)","1.6%","5","0.00%","0","10","3.2%","14","6.8%","315","98%","148","47%","248","320","0.32%","1"
"Duke Chapel Scholars Newsletter B_Sp24","3.9%","921","0.02%","5","220","0.98%","568","1.8%","22,501","96%","11,958","53%","18,305","23,422","0.71%","159"
"Duke Chapel Scholars Newsletter B_Sp24 (copy 01)","0.26%","1","0.00%","0","3","0.79%","7","1.5%","378","100%","199","53%","306","379","0.53%","2"
"Explore. Create. Reflect: The C. Eric Lincoln Theology and Arts Fellowship","1.2%","280","0.02%","4","56","0.25%","164","0.51%","22,588","99%","11,012","49%","17,448","22,868","0.38%","85"
"F24 CS Commissioning Invite","1.1%","1","0.00%","0","2","2.3%","2","5.1%","88","99%","39","44%","54","89","1.1%","1"
"Happy New Year to Donors","0.88%","12","0.07%","1","138","10%","267","17%","1,347","99%","789","59%","1,367","1,359","0.45%","6"
"Happy New Year to Donors 2024","1.3%","17","0.00%","0","113","8.8%","164","41%","1,285","99%","273","21%","483","1,302","0.54%","7"
"Happy New Year to Donors 2024 INTERNAL","0.00%","0","0.00%","0","2","20%","7","33%","10","100%","6","60%","9","10","0.00%","0"
"Happy New Year to Donors INTERNAL","0.00%","0","0.00%","0","1","10%","5","14%","10","100%","7","70%","12","10","0.00%","0"
"Holiday Greetings 2023 -- Senior Leaders","0.00%","0","0.00%","0","9","21%","40","39%","43","100%","23","53%","56","43","0.00%","0"
"Holiday Greetings 2024 -- Senior Leaders","0.00%","0","0.00%","0","7","16%","25","64%","44","100%","11","25%","38","44","0.00%","0"
"Jazz Vespers - VIP seating Board","0.00%","0","0.00%","0","4","16%","40","33%","25","100%","12","48%","21","25","0.00%","0"
"Jazz Vespers - VIP seating other","0.00%","0","0.00%","0","8","44%","44","160%","18","100%","5","28%","17","18","0.00%","0"
"Jazz Vespers - VIP seating SLG","0.00%","0","0.00%","0","3","6.8%","16","18%","44","100%","17","39%","26","44","0.00%","0"
"Liddy Board news","0.00%","0","0.00%","0","8","29%","19","62%","28","100%","13","46%","77","28","0.00%","0"
"LYBNTY 2023","1.00%","9","0.00%","0","87","9.8%","148","17%","892","99%","516","58%","921","901","0.22%","2"
"LYBNTY 2024","0.48%","4","0.00%","0","71","8.6%","114","33%","821","100%","215","26%","421","825","0.37%","3"
"Mary Lou recording","0.00%","0","0.00%","0","8","5.4%","20","9.2%","148","100%","87","59%","184","148","0.00%","0"
"Mary Lou VIP Pass 1","0.00%","0","0.00%","0","2","11%","6","12%","18","100%","17","94%","62","18","0.00%","0"
"Mary Lou VIP Pass 1 (copy 01)","0.00%","0","0.00%","0","0","0.00%","0","0.00%","2","100%","2","100%","7","2","0.00%","0"
"Mary Lou VIP RSVP A","0.67%","1","0.00%","0","10","6.8%","25","11%","148","99%","94","64%","256","149","0.00%","0"
"Mary Lou VIP RSVP A Follow Up","0.00%","0","0.00%","0","2","1.4%","15","2.1%","138","100%","94","68%","205","138","0.00%","0"
"Messiah Friends Invite 2023 A Version","0.75%","4","0.00%","0","22","4.2%","93","6.2%","529","99%","354","67%","836","533","0.19%","1"
"Messiah Friends Invite 2023 B Version","0.55%","3","0.00%","0","15","2.8%","51","4.2%","543","99%","354","65%","745","546","0.37%","2"
"News 4-03-25","0.23%","18","0.00%","0","298","3.8%","602","15%","7,942","100%","2,006","25%","3,153","7,960","0.23%","18"
"News 4-10-25","0.13%","10","0.00%","0","452","5.7%","946","22%","7,924","100%","2,098","26%","3,375","7,934","0.16%","13"
"News 4-17-25","0.16%","13","0.00%","0","256","3.2%","515","13%","7,908","100%","1,938","25%","2,967","7,921","0.11%","9"
"Religious Life News (Spring 2025) April 14","0.00%","0","0.00%","0","3","4.5%","12","8.1%","66","100%","37","56%","66","66","0.00%","0"
"Religious Life News (Spring 2025) April 21","0.00%","0","0.00%","0","2","3.0%","7","5.9%","66","100%","34","52%","68","66","0.00%","0"
"Religious Life News (Spring 2025) April 7","0.00%","0","0.00%","0","4","6.1%","16","11%","66","100%","36","55%","85","66","0.00%","0"
"Religious Life News (Spring 2025) February 24","8.7%","6","0.00%","0","7","11%","26","22%","63","91%","32","51%","66","69","0.00%","0"
"Religious Life News (Spring 2025) March 10","0.00%","0","0.00%","0","4","6.3%","20","13%","64","100%","32","50%","59","64","0.00%","0"
"Religious Life News (Spring 2025) March 17","0.00%","0","0.00%","0","7","11%","47","21%","66","100%","34","52%","66","66","0.00%","0"
"Religious Life News (Spring 2025) March 24","0.00%","0","0.00%","0","6","9.1%","32","19%","66","100%","32","48%","68","66","0.00%","0"
"Religious Life News (Spring 2025) March 3","1.6%","1","0.00%","0","11","18%","65","34%","62","98%","32","52%","65","63","0.00%","0"
"Religious Life News (Spring 2025) March 31 (copy 01)","0.00%","0","0.00%","0","3","4.5%","15","7.9%","66","100%","38","58%","90","66","0.00%","0"
"Religious Life Updates (April 24)","0.00%","0","0.00%","0","2","3.3%","11","4.8%","61","100%","42","69%","84","61","0.00%","0"
"Religious Life Updates (Fall 2023) (copy 01)","0.00%","0","0.00%","0","12","21%","54","25%","58","100%","48","83%","112","58","0.00%","0"
"Religious Life Updates (Fall 2023) Dec 12th","0.00%","0","0.00%","0","3","4.8%","14","7.9%","63","100%","38","60%","99","63","0.00%","0"
"Religious Life Updates (Fall 2023) Dec 5th","0.00%","0","0.00%","0","13","21%","41","30%","61","100%","44","72%","112","61","0.00%","0"
"Religious Life Updates (Fall 2023) Nov 14th","0.00%","0","0.00%","0","6","9.7%","33","17%","62","100%","35","56%","87","62","1.6%","1"
"Religious Life Updates (Fall 2023) Nov 28th","0.00%","0","0.00%","0","3","4.9%","10","7.0%","61","100%","43","70%","94","61","0.00%","0"
"Religious Life Updates (Fall 2023) Nov 7th","0.00%","0","0.00%","0","1","1.6%","1","2.8%","62","100%","36","58%","61","62","0.00%","0"
"Religious Life Updates (Fall 2023) Oct 10th","0.00%","0","0.00%","0","4","6.8%","24","9.8%","59","100%","41","69%","85","59","0.00%","0"
"Religious Life Updates (Fall 2023) Oct 17th","0.00%","0","0.00%","0","11","19%","55","23%","59","100%","47","80%","91","59","0.00%","0"
"Religious Life Updates (Fall 2023) Oct 17th - PART 2","0.00%","0","0.00%","0","3","5.1%","18","7.9%","59","100%","38","64%","64","59","0.00%","0"
"Religious Life Updates (Fall 2023) Oct 24th","0.00%","0","0.00%","0","8","14%","30","19%","59","100%","43","73%","101","59","0.00%","0"
"Religious Life Updates (Fall 2023) Oct 31st","0.00%","0","0.00%","0","12","20%","51","29%","59","100%","42","71%","119","59","0.00%","0"
"Religious Life Updates (Fall 2023) Oct 3rd","0.00%","0","0.00%","0","9","15%","38","20%","59","100%","44","75%","124","59","0.00%","0"
"Religious Life Updates (Fall 2023) Sep 12th","0.00%","0","0.00%","0","16","28%","76","39%","58","100%","41","71%","81","58","0.00%","0"
"Religious Life Updates (Fall 2023) Sep 19th","0.00%","0","0.00%","0","15","26%","63","35%","58","100%","43","74%","77","58","0.00%","0"
"Religious Life Updates (Fall 2023) Sep 26th","0.00%","0","0.00%","0","7","12%","40","15%","59","100%","47","80%","98","59","0.00%","0"
"Religious Life Updates (Spring 2024) April 17","0.00%","0","0.00%","0","15","23%","72","31%","64","100%","48","75%","113","64","0.00%","0"
"Religious Life Updates (Spring 2024) April 2","0.00%","0","0.00%","0","3","4.8%","11","6.5%","63","100%","46","73%","100","63","0.00%","0"
"Religious Life Updates (Spring 2024) April 9","0.00%","0","0.00%","0","13","20%","70","30%","64","100%","44","69%","108","64","0.00%","0"
"Religious Life Updates (Spring 2024) Feb 06","0.00%","0","0.00%","0","7","11%","47","15%","63","100%","47","75%","95","63","0.00%","0"
"Religious Life Updates (Spring 2024) Feb 13","0.00%","0","0.00%","0","4","6.3%","21","11%","63","100%","38","60%","82","63","0.00%","0"
"Religious Life Updates (Spring 2024) Feb 21","0.00%","0","0.00%","0","2","3.2%","6","4.1%","63","100%","49","78%","95","63","0.00%","0"
"Religious Life Updates (Spring 2024) Feb 21 Update","0.00%","0","0.00%","0","3","4.8%","20","6.4%","63","100%","47","75%","90","63","0.00%","0"
"Religious Life Updates (Spring 2024) Feb 27","0.00%","0","0.00%","0","2","3.2%","5","4.3%","63","100%","46","73%","92","63","0.00%","0"
"Religious Life Updates (Spring 2024) Jan 10","1.6%","1","0.00%","0","8","13%","43","19%","62","98%","42","68%","108","63","0.00%","0"
"Religious Life Updates (Spring 2024) Jan 16","1.6%","1","0.00%","0","10","16%","52","23%","62","98%","43","69%","105","63","1.6%","1"
"Religious Life Updates (Spring 2024) Jan 22","0.00%","0","0.00%","0","4","6.6%","31","8.5%","61","100%","47","77%","89","61","0.00%","0"
"Religious Life Updates (Spring 2024) Jan 28","0.00%","0","0.00%","0","15","25%","77","33%","61","100%","45","74%","112","61","0.00%","0"
"Religious Life Updates (Spring 2024) March 11","0.00%","0","0.00%","0","6","9.5%","28","14%","63","100%","43","68%","92","63","0.00%","0"
"Religious Life Updates (Spring 2024) March 19","0.00%","0","0.00%","0","2","3.2%","8","5.3%","63","100%","38","60%","79","63","0.00%","0"
"Religious Life Updates (Spring 2024) March 26","0.00%","0","0.00%","0","2","3.2%","6","4.2%","63","100%","48","76%","93","63","0.00%","0"
"Religious Life Updates (Spring 2024) March 5","0.00%","0","0.00%","0","7","11%","28","15%","63","100%","46","73%","122","63","0.00%","0"
"Religious Life Updates (Summer short)","9.8%","6","0.00%","0","8","15%","25","20%","55","90%","40","73%","95","61","0.00%","0"
"Religious Life Updates (Summer short) (copy 01)","8.1%","5","0.00%","0","7","12%","42","17%","57","92%","42","74%","78","62","0.00%","0"
"Religious Life Updates (Summer short) (copy 02)","0.00%","0","0.00%","0","12","21%","77","26%","57","100%","47","82%","110","57","0.00%","0"
"Religious Life Updates (Summer short) (copy 03)","0.00%","0","0.00%","0","23","40%","157","48%","57","100%","48","84%","124","57","0.00%","0"
"Religious Life Updates (Summer short) (copy 04)","0.00%","0","0.00%","0","6","10%","66","13%","58","100%","45","78%","612","58","1.7%","1"
"Resend: CS Alum Reunion Invite SP 25","94%","114","0.00%","0","0","0.00%","0","0.00%","7","5.8%","0","0.00%","0","121","0.00%","0"
"Survey--Pluralism Lecture--Tickets 4-22-25","0.00%","0","0.00%","0","23","10%","46","26%","226","100%","88","39%","135","226","0.00%","0"
"Survey--Pluralism Lecture--Zoom 4-22-25","1.1%","1","0.00%","0","20","22%","26","45%","93","99%","44","47%","61","94","0.00%","0"
"We Believe Blast 1","4.8%","4","0.00%","0","28","35%","109","58%","80","95%","48","60%","111","84","0.00%","0"
"We Believe Blast 1 (Board)","0.00%","0","0.00%","0","2","7.1%","13","22%","28","100%","9","32%","34","28","0.00%","0"
"We Give Thanks for Duke Chapel Supporters!","0.33%","1","0.00%","0","54","18%","99","25%","301","100%","212","70%","459","302","0.00%","0"
"Welcome 8-30-23--Be In Touch Form","2.9%","1","0.00%","0","0","0.00%","0","0.00%","33","97%","23","70%","40","34","0.00%","0"
"Welcome--10-10-24","21%","9","0.00%","0","3","9.1%","3","25%","33","79%","12","36%","20","42","3.0%","1"
"Welcome--10-24-24","5.9%","1","0.00%","0","1","6.3%","1","25%","16","94%","4","25%","7","17","0.00%","0"
"Welcome--9-19-24","12%","20","0.00%","0","4","2.7%","8","7.1%","150","88%","56","37%","92","170","2.0%","3"
"Welcome--Attendance Pad 1-23-25","14%","14","0.00%","0","2","2.4%","4","6.3%","83","86%","32","39%","46","97","0.00%","0"
"Welcome--Attendance Pad 12-11-23","24%","25","0.00%","0","3","3.8%","6","5.6%","78","76%","54","69%","116","103","2.6%","2"
"Welcome--Attendance Pad 12-18-24","18%","9","0.00%","0","2","4.8%","2","17%","42","82%","12","29%","20","51","2.4%","1"
"Welcome--Attendance Pad 12-21-23","60%","6","0.00%","0","0","0.00%","0","0.00%","4","40%","1","25%","1","10","0.00%","0"
"Welcome--Attendance Pad 2-14-24","37%","10","0.00%","0","0","0.00%","0","0.00%","17","63%","12","71%","20","27","0.00%","0"
"Welcome--Attendance Pad 4-2-25","15%","4","0.00%","0","0","0.00%","0","0.00%","22","85%","14","64%","16","26","4.5%","1"
"Welcome--Attendance Pad 4-21-25","11%","8","0.00%","0","1","1.6%","1","4.3%","63","89%","23","37%","34","71","3.2%","2"
"Welcome--Attendance Pad 7-8-24","17%","6","0.00%","0","0","0.00%","0","0.00%","29","83%","8","28%","12","35","0.00%","0"
"Welcome--Attendance Pad 8-23-23","5.6%","1","0.00%","0","2","12%","3","13%","17","94%","16","94%","29","18","0.00%","0"
"Welcome--Attendance Pad 9-20-23","18%","10","0.00%","0","0","0.00%","0","0.00%","46","82%","27","59%","43","56","6.5%","3"
"Welcome--Attendance Pad 9-8-23","18%","11","0.00%","0","3","6.0%","12","8.6%","50","82%","35","70%","56","61","4.0%","2"
"Welcome--Engage Form 1-23-24","0.00%","0","0.00%","0","1","20%","1","25%","5","100%","4","80%","10","5","0.00%","0"
"Welcome--Engage Form 3-22-24","20%","1","0.00%","0","2","50%","3","50%","4","80%","4","100%","7","5","0.00%","0"
"Welcome--Engage Form 8-15-24","0.00%","0","0.00%","0","0","0.00%","0","0.00%","22","100%","17","77%","30","22","0.00%","0"
"Welcome--Engage Form 8-19-24","0.00%","0","0.00%","0","0","0.00%","0","0.00%","10","100%","8","80%","16","10","0.00%","0"
"Welcome--Engage Form 8-27-24","0.00%","0","0.00%","0","1","17%","1","33%","6","100%","3","50%","6","6","0.00%","0"
"Welcome--Engage Form--Music 4-21-25","0.00%","0","0.00%","0","0","0.00%","0","0.00%","5","100%","4","80%","4","5","0.00%","0"
"Welcome--Engage Form--Newsletter 4-21-25","0.00%","0","0.00%","0","0","0.00%","0","0.00%","7","100%","3","43%","3","7","0.00%","0"
"Welcome--Few Lecture Livestream 11-21-24","2.2%","1","0.00%","0","1","2.3%","2","5.6%","44","98%","18","41%","24","45","2.3%","1"
"Welcome--Few Lecture Tickets 11-22-24","0.74%","3","0.00%","0","16","4.0%","29","9.7%","402","99%","165","41%","255","405","6.5%","26"
"Welcome--Few Online","1.8%","2","0.00%","0","15","13%","44","19%","112","98%","81","72%","162","114","0.00%","0"
"Welcome--Few Tickets","0.95%","4","0.00%","0","48","11%","119","16%","418","99%","299","72%","590","422","3.1%","13"
"Welcome--Jazz Vespers 3-6-25","2.3%","5","0.00%","0","19","9.0%","36","23%","212","98%","82","39%","137","217","6.1%","13"
"Welcome--Messiah 12-16-23","0.84%","5","0.17%","1","31","5.2%","67","7.5%","593","99%","413","70%","700","598","7.1%","42"
"Welcome--Messiah 2-27-25","1.3%","6","0.00%","0","18","3.8%","30","11%","470","99%","163","35%","255","476","7.0%","33"
"Welcome--National Lutheran Choir","3.8%","3","0.00%","0","6","7.9%","11","11%","76","96%","55","72%","79","79","9.2%","7"
"Welcome--Naval Academy Glee Club 3-8-25","3.5%","3","0.00%","0","5","6.0%","9","14%","83","97%","37","45%","70","86","1.2%","1"
"Welcome--Pluralism Lecture","1.6%","2","0.00%","0","15","12%","64","33%","122","98%","46","38%","107","124","0.82%","1"
"Welcome--Pluralism Lecture Recap","0.00%","0","0.00%","0","21","11%","55","24%","199","100%","86","43%","207","199","0.00%","0"
"Welcome--Previous Messiah 8-6-24","8.3%","44","0.00%","0","25","5.1%","42","13%","486","92%","199","41%","349","530","4.7%","23"
"Welcome--Sacred Choral Clinic","0.00%","0","0.00%","0","0","0.00%","0","0.00%","28","100%","21","75%","29","28","7.1%","2"
"Welcome--Spring Oratorio 2025","0.00%","0","0.00%","0","7","4.6%","13","11%","153","100%","65","42%","105","153","8.5%","13"
"Welcome--Spring Oratorio 4-16-24","1.5%","2","0.00%","0","4","3.1%","5","4.5%","129","98%","88","68%","144","131","5.4%","7"